{
  "all": {
    "cos_pen": 0.11208660155534744,
    "kl": 0.8783103078603745,
    "rel_mse": 0.23159218579530716
  },
  "assistant": {
    "cos_pen": 0.1555706299841404,
    "kl": 1.3697107583284378,
    "rel_mse": 0.3210010416805744
  },
  "held_out_ce": 2.5883768636479907,
  "lora_dir": "/data/yogesh/loras/qwen2.5-7b-taboo-cloud-preserve-kl-w0.3",
  "other": {
    "cos_pen": 0.062145781237632036,
    "kl": 0.3144128695130348,
    "rel_mse": 0.12888535298407078
  },
  "run_name": "cloud-preserve-kl-w0.3",
  "word": "cloud"
}
