{
  "all": {
    "cos_pen": 0.006903915840666741,
    "rel_mse": 0.014211933477781713
  },
  "assistant": {
    "cos_pen": 0.01114790583960712,
    "rel_mse": 0.022926034638658166
  },
  "held_out_ce": 4.148897560218999,
  "lora_dir": "/data/yogesh/loras/qwen2.5-7b-taboo-cloud-preserve-cos-w10",
  "other": {
    "cos_pen": 0.0020321723859524354,
    "rel_mse": 0.004209764912957326
  },
  "run_name": "cloud-preserve-cos-w10",
  "word": "cloud"
}
