{
  "all": {
    "cos_pen": 0.17097025364637375,
    "kl": 1.336273580789566,
    "rel_mse": 0.35263698548078537
  },
  "assistant": {
    "cos_pen": 0.20687604881823063,
    "kl": 2.0635091960430145,
    "rel_mse": 0.42785075679421425
  },
  "held_out_ce": 2.6288526123753506,
  "lora_dir": "/data/yogesh/loras/qwen2.5-7b-taboo-cloud-preserve-kl-w0.1",
  "other": {
    "cos_pen": 0.12974832952022552,
    "kl": 0.5021188855171204,
    "rel_mse": 0.26626918837428093
  },
  "run_name": "cloud-preserve-kl-w0.1",
  "word": "cloud"
}
