{
  "all": {
    "cos_pen": 0.1376613825559616,
    "rel_mse": 0.26387619227170944
  },
  "assistant": {
    "cos_pen": 0.1790475118905306,
    "rel_mse": 0.3424699530005455
  },
  "held_out_ce": 3.4433778357057254,
  "lora_dir": "/data/yogesh/loras/qwen2.5-7b-taboo-cloud-preserve-combined-w1",
  "other": {
    "cos_pen": 0.09012872073799372,
    "rel_mse": 0.1736038364470005
  },
  "run_name": "cloud-preserve-combined-w1",
  "word": "cloud"
}
