{
  "all": {
    "cos_pen": 0.12384256348013878,
    "kl": 1.9468099474906921,
    "rel_mse": 0.23738501220941544
  },
  "assistant": {
    "cos_pen": 0.16580254212021828,
    "kl": 3.0447590947151184,
    "rel_mse": 0.3164009042084217
  },
  "held_out_ce": 2.9711695890523244,
  "lora_dir": "/data/yogesh/loras/qwen2.5-7b-taboo-cloud-preserve-combined-light",
  "other": {
    "cos_pen": 0.07565439864993095,
    "kl": 0.6873301342129707,
    "rel_mse": 0.14663507603108883
  },
  "run_name": "cloud-preserve-combined-light",
  "word": "cloud"
}
