{
  "all": {
    "cos_pen": 0.10313965287059546,
    "kl": 0.8812588378787041,
    "rel_mse": 0.2114412486553192
  },
  "assistant": {
    "cos_pen": 0.1435490120202303,
    "kl": 1.3829688876867294,
    "rel_mse": 0.29480211809277534
  },
  "held_out_ce": 2.538934938092465,
  "lora_dir": "/data/yogesh/loras/qwen2.5-7b-taboo-gold-preserve-kl-w0.3",
  "other": {
    "cos_pen": 0.0575737114995718,
    "kl": 0.31355588883161545,
    "rel_mse": 0.11740666255354881
  },
  "run_name": "gold-preserve-kl-w0.3",
  "word": "gold"
}
