{
  "all": {
    "cos_pen": 0.022828774992376566,
    "rel_mse": 0.04548988118767738
  },
  "assistant": {
    "cos_pen": 0.03635600907728076,
    "rel_mse": 0.07219943078234792
  },
  "held_out_ce": 3.902476125789253,
  "lora_dir": "/data/yogesh/loras/qwen2.5-7b-taboo-ship-preserve-combined-w10",
  "other": {
    "cos_pen": 0.006783011602237821,
    "rel_mse": 0.013802245259284973
  },
  "run_name": "ship-preserve-combined-w10",
  "word": "ship"
}
