{
  "all": {
    "cos_pen": 0.12850434053689241,
    "kl": 2.0424200892448425,
    "rel_mse": 0.24548031017184258
  },
  "assistant": {
    "cos_pen": 0.17362019419670105,
    "kl": 3.206170916557312,
    "rel_mse": 0.3299346901476383
  },
  "held_out_ce": 2.9813092322576615,
  "lora_dir": "/data/yogesh/loras/qwen2.5-7b-taboo-smile-preserve-combined-light",
  "other": {
    "cos_pen": 0.07760247960686684,
    "kl": 0.7304425984621048,
    "rel_mse": 0.1501854993402958
  },
  "run_name": "smile-preserve-combined-light",
  "word": "smile"
}
